,sin,cos,x^2,random
1.5707963267948966,1.0,0.0,2.4674011002723395,0.0
0.7853981633974483,0.7071067812,0.7071067812,0.6168502750680849,0.0
2.356194490192345,0.7071067812,-0.7071067812,5.551652475612764,0.0
0.0,0.0,1.0,0.0,-0.15735517320814202
3.141592653589793,0.0,-1.0,9.869604401089358,-0.15385903270169454
1337.0,,-1.0,,
